screening,organisation,postcode_or_location,date,type,constituency
WSFT Green Champions Screening,West Suffolk NHS Foundation Trust,IP332QZ,13/05/2026,Invite only,Bury St Edmunds and Stowmarket
Cemetery approach community centre,Barry Action for Nature,CF628BQ,05/06/2026,Public,Vale of Glamorgan
Stoke Gabriel Village Hall,Stoke Gabriel Residents,TQ96QX,TBC,Date TBC,South Devon
"An Cridhe, Isle of Coll",Sustainable Resilient Coll,PA786SY,02/06/2026,Public,"Argyll, Bute and South Lochaber"
"The Venue Arts Centre, Penwortham",Climate Action Penwortham,PR19XE,11/06/2026,Public,South Ribble
Upton Magna Memorial Hall,Greener Villages,SY44TZ,05/06/2026,Public,Shrewsbury
3LM Screening to its Private Network Online,3LM -- Land & Livestock Management for Life,LS213AX,14/05/2026,Invite only,Leeds North West
Zion United Reformed Church Hall,Climate Action Northallerton,DL78JZ,08/07/2026,Public,Richmond and Northallerton
"The Venue Arts Centre, Penwortham",Climate Action Penwortham,PR19XE,28/05/2026,Public,South Ribble
Egerton Hall - Special community screening: The People’s Emergency Briefing,CA-WN (Climate Action-West Northamptonshire),NN136GN,19/06/2026,Public,South Northamptonshire
The Sawpits Centre - Community screening: The People’s Emergency Briefing,CA-WN (Cimate Action-West Northamptonshire),NN126EX,05/06/2026,Public,South Northamptonshire
"Trust Links Rochford, Trust Links House, College Gardens",SE Essex Organic Gardeners in partnership with local charity Trust Links,SS41YL,19/06/2026,Public,Southend East and Rochford
"The Chantry Centre, Billericay",Local volunteers in collaboration with Friends of the Earth and Zero Hour,CM112AP,16/07/2026,Public,Basildon and Billericay
"Oriel Hall, Larkhall, Bath",Transition Larkhall,BA16RA,26/06/2026,Public,Bath
Hoylake Community Centre,People's Emergency Briefing Merseyside,CH473AG,05/06/2026,Public,Wirral West
Nature & Climate Festival 2026 at Vital Village Hub,Nature & Climate Festival,KT70BS,10/10/2026,Public,Esher and Walton
The Settlement at Castle Hill,West Cumbria Friends of the Earth,CA156BQ,07/09/2026,Public,Penrith and Solway
Manor Primary School Staff screening,Manor Primary School,TN221UB,12/05/2026,Invite only,East Grinstead and Uckfield
Watershed,Watershed,BS15TX,24/05/2026,Public,Bristol Central
"Ty Glan Yr Afon, 21 Cowbridge Road East",Digital Health & Care Wales,CF119AD,15/06/2026,Invite only,Cardiff West
Brouad Lane Building / Sheffield Water Center Seminar,Sheffield Water Center,S13JD,30/06/2026,Invite only,Sheffield Central
Exmoor House,Exmoor National Park Authority,TA229HL,16/06/2026,Invite only,Tiverton and Minehead
"Roper Theatre, Hayesfield School",Climate Hub,BA23LA,04/06/2026,Invite only,Bath
Bridgewater Primary School,Parents For Future Herts & Bucks,HP41ES,25/06/2026,Public,Harpenden and Berkhamsted
Crediton Methodist Church,Sustainable Crediton,EX173AW,10/06/2026,Public,Central Devon
Caryford Community Hall,Caryford Community Hall Association,BA77JJ,08/07/2026,Public,Glastonbury and Somerton
Galmpton Village Institute,Galmpton village,TQ50LT,12/06/2026,Public,South Devon
St Mary’s Church,Witney Eco Forum & MP Watch Witney,OX284AW,16/07/2026,Invite only,Witney
Farnham Maltings,Farnham Maltings Association Ltd,GU97QR,08/06/2026,Public,Farnham and Bordon
Ryton Village Hall,Ryton Flicks in the Sticks,SY57LQ,19/06/2026,Public,South Shropshire
"THE SOUND LOUNGE 216-220 High Street, Sutton, SM1 1NU",Sutton Climate Friends,SM11NU,TBC,Date TBC,Sutton and Cheam
"Friends Meeting House 10 Cedar Road, Sutton SM2 5DA",Sutton Climate Friends,SM25DA,15/05/2026,Invite only,Sutton and Cheam
Kukoolala Cafe,Riverley Family Association,E107BL,22/05/2026,Public,Leyton and Wanstead
Global Cooperation House,Brahma Kumaris (UK),NW102HH,TBC,Date TBC,Brent East
"St Peter's Civic Hall, Carmarthen SA31 1PG",Sero,SA311PG,22/05/2026,Public,Caerfyrddin
Cambridge Buddhist Centre,Triratna Earth Sangha,CB58DT,26/08/2026,Public,Cambridge
Melksham Assembly Hall / free film screening,Melksham Environment Group,SN126ES,27/05/2026,Public,Melksham and Devizes
Royal free hospital,NHS,NW32QG,29/05/2026,Invite only,Hampstead and Highgate
Penrith Quaker Meeting House,Cumbria Sustainability Network,CA117TR,19/05/2026,Public,Penrith and Solway
University of Northampton - Community screening: The People’s Emergency Briefing,CA-WN (Cimate Action-West Northamptonshire),NN15PH,23/06/2026,Public,Northampton South
"Baldock Arts and Heritage Centre, the Old Town Hall Baldock",N & E Herts NEB,SG76AR,15/07/2026,Public,North East Hertfordshire
The Meeting Place / World Environment Day 2026 - The People's Emergency Briefing,Greening Westbourne,PO108SP,05/06/2026,Public,Chichester
"Kensington Unitarians, Essex Hall",Kensington Unitarians,W84RT,24/05/2026,Public,Kensington and Bayswater
Dartmoor National Park Authority Meeting Room,Dartmoor National Park Authority,TQ139JQ,02/06/2026,Invite only,Central Devon
Swanage School,Sustainable Swanage,BH192PH,05/06/2026,Public,South Dorset
Hungerford Library HUB,Hungerford Environmental Action Team,RG170JG,24/06/2026,Public,Newbury
Chesham Town Hall,Chesham Town Council and Sustainable Chesham,HP51EP,22/06/2026,Public,Chesham and Amersham
Ivybridge Watermark,South Hams District Council;,PL210SZ,27/05/2026,Public,South West Devon
Tate Britain,Tate Galleries,SW1P4RG,23/06/2026,Invite only,Cities of London and Westminster
"Highfield Campus, building 100, room 1001",University of Southampton,SO171BJ,04/06/2026,Public,Southampton Test
Follaton House,South Hams District Council (internal only),TQ95NE,29/04/2026,Invite only,South Devon
Kilworthy Park,West Devon Borough Council (internal only),PL190FZ,28/04/2026,Invite only,Torridge and Tavistock
"The Old Town Hall, Trowbridge",Trowbridge Environmental Community (TECo),BA148EQ,10/06/2026,Public,South West Wiltshire
"Halle Wassertum - Areal Böhler, Hansaallee 321, 40549 Düsseldorf",Cooldown Earth Foundation,DE 40549,06/09/2026,Public,NA
UCL Anthropocene & UCL Institute for Global Health National Emergency Briefing,UCL (University College London),WC1N1EH,09/06/2026,Public,Holborn and St Pancras
Staines Community Centre,Talking Tree,TW184EA,12/06/2026,Public,Spelthorne
EQ Bristol,Tila Commercial,BS16AX,27/05/2026,Invite only,Bristol Central
"Fenland UNISON Branch, National Emergency Briefing, Fenland Hall, County Road, March",Fenland UNISON Branch,PE158NQ,09/06/2026,Invite only,North East Cambridgeshire
PEB screening at The Studio,Bristol PEB connectors,BS65SG,04/06/2026,Invite only,Bristol Central
Louisa Ryland House,E-ACT,BS65AD,30/04/2026,Invite only,Bristol Central
Mecycle Cafe & Bike Workshop,The Hearth Network CIC,PR83HH,21/05/2026,Public,Sefton Central
"Green Advocates, Public Health Wales",Public Health Wales,CF104BZ,18/06/2026,Invite only,Cardiff South and Penarth
Saxmundham Market Hall,The Art Station with Kelsale & District Wildlife Action (KADWAG),IP172PB,21/05/2026,Public,Suffolk Coastal
University Hospital of Wales - Lecture Theatre 4,Cardiff University,CF144XN,11/06/2026,Public,Cardiff North
Shepton Mallet Art Bank,Shepton Mallet Repair Café,BA45AA,17/06/2026,Public,Wells and Mendip Hills
Carey's Secret Garden,Birds of Poole Harbour,BH207PG,09/06/2026,Public,Mid Dorset and North Poole
Kingsbridge Care Hub,Kingsbridge Climate Action,TQ71DZ,22/05/2026,Public,South Devon
Pangbourne Village Hall,Pangbourne and Whitchurch Sustainability Group,RG87AN,14/05/2026,Public,Reading West and Mid Berkshire
University of York - Sustainability Clinic,ESAY,YO105DD,12/05/2026,Public,York Central
Thatcham Council Chamber,Thatcham Town Council,RG183HF,05/06/2026,Public,Newbury
University of Stirling,Stirling Students' Union,FK94LA,07/11/2026,Public,Stirling and Strathallan
University Of Stirling,Stirling Students' Union,FK94LA,03/10/2026,Public,Stirling and Strathallan
"The Pound Arts Centre, Corsham",Corsham Climate Action,SN139HX,11/06/2026,Public,Chippenham
Ambleside,Ramsey u3a climate group,PE262PE,26/05/2026,Invite only,North West Cambridgeshire
Bathampton Primary School,Local group,BA26TQ,09/06/2026,Public,Bath
St Dunstan's Church,Mayfield Climate Action,TN206AB,14/05/2026,Public,Sussex Weald
Christchurch NEB Screening,u3a,SG51HF,16/06/2026,Public,Hitchin
St. Anne's House,East Bristol NEB Group,BS44AB,22/05/2026,Public,Bristol East
Read Village Hall,Readstone Environment Group (REG),BB127PS,08/05/2026,Public,Pendle and Clitheroe
"University of Manchester - Humanities Bridgeford Street building, room G32",GDI University of Manchester,M156AD,TBC,Date TBC,Manchester Rusholme
Taunton Meeting House,Quakers and Climate Action Taunton,TA14EP,21/05/2026,Public,Taunton and Wellington
Abbey Fields Community Centre,Winchcombe Green Town,GL545QJ,22/05/2026,Public,Tewkesbury
"Scott Cinema, Exmouth",Exmouth Town Council,EX81HP,18/06/2026,Public,Exmouth and Exeter East
Sideshore Community Hub,Green Scene,EX82GD,24/05/2026,Public,Exmouth and Exeter East
Steyning Centre,Greening Steyning,BN443XZ,24/06/2026,Public,Arundel and South Downs
Waldringfield Village Hall,Greener Waldringfield,IP124QP,26/06/2026,Public,Suffolk Coastal
Stokesley Community Library,Climate Action Stokesley and Villages,TS95DH,11/06/2026,Public,Richmond and Northallerton
Public Health Wales - Primary Care Division Team,Public Health Wales,CF104BZ,TBC,Date TBC,Cardiff South and Penarth
Gosbrook Road Caversham Methodist Church,Reading and mid-Berks NEB screening,RG48EB,16/06/2026,Public,Reading Central
The Green Man Fitzrovia,Purpose Disruptors,W1W7EP,20/05/2026,Public,Cities of London and Westminster
Cabot Institute for the Environment,University of Bristol,BS81TN,27/05/2026,Public,Bristol Central
The Royal Agricultural University (RAU),N/a,GL76JS,25/06/2026,Public,South Cotswolds
Y Banc - Cynefin Caerffili,ETR,CF831JN,17/05/2026,Public,Caerphilly
Illumina Centre,Illumina Green Team EMEA,CB216DF,10/06/2026,Invite only,South Cambridgeshire
Wolfhill Village Hall,Wolfhill Village Hall Committee,PH26TH,14/06/2026,Invite only,Angus and Perthshire Glens
EYST Drop-in,EYST Wales,SA14AB,29/05/2026,Public,Swansea West
Caversham Heights Methodist Church,Reading and Mid Berkshire NEB screening,RG47BG,10/06/2026,Public,Reading Central
Tewkesbury Library,Tewkesbury Green Party,GL205NX,09/05/2026,Invite only,Tewkesbury
"The Corn Exchange, Dorset","Dorset Action, Dorset Climate Action Network, Dorchester Town Council.",DT11HF,04/06/2026,Public,West Dorset
Douglas Medical Centre,Family Medical Group,DD48XZ,30/04/2026,Invite only,Arbroath and Broughty Ferry
Blackfish Engineering Offices,Blackfish Engineering,BS15HH,14/05/2026,Invite only,Bristol Central
St Thomas' Church,St Thomas' Church,SW24XW,05/06/2026,Public,Streatham and Croydon North
The Driftway,The Bowmans NEB Group,WV166TW,24/05/2026,Invite only,South Shropshire
Holy Trinity Church,Zero Carbon Guildford,GU13RR,22/05/2026,Public,Guildford
The Stables Newmarket,Greenpeace,CB88NA,23/05/2026,Public,West Suffolk
Volcano Theatre,Swansea Action For Sustainable Healthcare,SA11LG,09/06/2026,Public,Swansea West
Temple Chambers,Useful Simple Trust,EC4Y0HP,19/05/2026,Invite only,Cities of London and Westminster
"""People's Emergency Briefing"" at Halsall Memorial Hall",The Bees and Butterflies Brigade,L398RN,15/06/2026,Public,West Lancashire
Glossop Labour Club,High Peak Green New Deal,SK138AT,13/06/2026,Public,High Peak
Public Health Wales Primary Care Division,Public Health Wales,CF104BZ,TBC,Date TBC,Cardiff South and Penarth
Watercress Farm,Belmont Estate,BS481NE,30/04/2026,Public,North Somerset
Hafan Yr Afon,Hafan Yr Afon,SY162NH,16/05/2026,Public,Montgomeryshire and Glyndwr
Otley Courthouse,Otley 2030,LS213AN,19/06/2026,Invite only,Leeds North West
Bath and West Community Energy Office,Bath & West Community Energy,BA23DZ,07/05/2026,Invite only,Bath
"Islesburgh Community Centre, King Harald St, Lerwick, Shetland ZE1 0EQ",Climate Cafe,ZE10EQ,01/10/2026,Public,Orkney and Shetland
Eynsham Village Hall,N/A,OX294QW,14/06/2026,Public,Bicester and Woodstock
Killerton Regional Office,National Trust,EX53LE,06/05/2026,Invite only,Exmouth and Exeter East
"Hassocks Hotel Pub - Station Approach, Hassocks",Greener Hassocks and Ditchling,BN68HN,21/07/2026,Public,Mid Sussex
University of Suffolk,Ipswich Umbrella,IP41QJ,30/05/2026,Public,Ipswich
Tunbridge Wells town hall,Amplifi,TN11XR,23/06/2026,Public,Tunbridge Wells
South Devon College,South Devon College,TQ47EJ,07/05/2026,Invite only,South Devon
B. ARTS - 72 Hartshill Road,B. ARTS,ST47RB,16/06/2026,Public,Stoke-on-Trent Central
The Globe at Hay,Hay Community Resilience Initiative,HR35BG,13/05/2026,Public,"Brecon, Radnor and Cwm Tawe"
Southwark Cathedral,Southwark Cathedral,SE19DA,07/06/2026,Public,Bermondsey and Old Southwark
"UTFTC - Sessions House, Usk",Usk Together For The Climate,NP151AD,21/05/2026,Public,Monmouthshire
Treacy Hall. Wakefield Cathedral,Wakefield Cathedral Eco Group,WF11HG,12/06/2026,Public,Wakefield and Rothwell
Haddenham Village Hall,Zero Carbon Haddenham,HP178EE,14/05/2026,Public,Mid Buckinghamshire
FCJ Centre for Spirituality and EcoJustice,FCJ Centre for Spirituality and EcoJustice,NW11TA,20/05/2026,Public,Holborn and St Pancras
Stonehouse,Transition Stroud,GL102NS,TBC,Date TBC,Stroud
Bakewell Town Hall,Bakewell Climate Action,DE451BT,26/06/2026,Public,Derbyshire Dales
The Branksome,Bournemouth & Poole Greenpeace,BH25JP,07/05/2026,Invite only,Bournemouth West
Community Clay Studio - Stretford/NEB community screening,XR Trafford,M328AE,17/05/2026,Public,Stretford and Urmston
"Foresters Arms, Aberdour",Aberdour Climate Action Network,KY30SJ,14/06/2026,Public,Cowdenbeath and Kirkcaldy
Kippen Reading Rooms,Sustainability Kippen,FK83DN,21/05/2026,Public,Stirling and Strathallan
Northstowe Tap and Social,Northstowe Tap and Social,CB243DS,25/06/2026,Public,St Neots and Mid Cambridgeshire
St Barnabas Parish Centre,St Barnabas Church Emmer Green and Caversham Park,RG48RA,30/06/2026,Public,Reading Central
NEB at Ham,Parents for Future,TW107TS,20/06/2026,Public,Richmond Park
Old Booking Hall Haltwhistle,Sustainable Haltwhistle,NE499HN,18/05/2026,Public,Hexham
Leighton Buzzard Library Theatre,Totally Leighton Buzzard,LU71RX,04/06/2026,Public,Dunstable and Leighton Buzzard
Louisa Ryland House,UK Schools Sustainability Network,B33LG,30/04/2026,Invite only,Birmingham Ladywood
NEB Film Night at St Wilfrid's Church,St Wilfrid's Church,PO88DZ,16/06/2026,Public,Fareham and Waterlooville
Stockport Quaker Meeting House,Stockport Quaker Meeting/ Stockport for Peace,SK13DW,TBC,Date TBC,Stockport
Newton Ferrers WI Community Hall,Newton and Noss Environment Group,PL81AS,TBC,Date TBC,South West Devon
Oakwood Centre,Reading and Mid Berkshire NEB/CAN Bill Supporters,RG54JZ,29/05/2026,Public,Earley and Woodley
Malvern Holy Trinity Parish Hall,NEB Malvern Hills,WR141NU,16/05/2026,Public,West Worcestershire
"Christ Church, Warley",n/a,CM133AA,06/06/2026,Public,Brentwood and Ongar
"The Chapel, The Angel Microbrewery, Nottingham",People Planet Pint,NG11LG,07/05/2026,Public,Nottingham East
The Whitty Theatre/People's Emergency Briefing,Reading & Wokingham Steering Group,RG403EU,15/05/2026,Public,Wokingham
St James Trust Community Centre,The Little Green Cinema,BN252AB,12/07/2026,Public,Lewes
Teversal Manor Room,"Teversal, Stanton Hill & Skegby Neighbourhood Forum",NG173JN,22/07/2026,Public,Ashfield
St John's Moulsham,St John the Evangelist Church,CM20JD,TBC,Date TBC,Chelmsford
Sploj,Machynlleth Biodiversity Group,SY208EL,17/05/2026,Public,Montgomeryshire and Glyndwr
Rodmell Village Hall,N/A,BN73HF,21/05/2026,Public,Lewes
Salisbury Methodist Church,Salisbury Wildlife Group,SP11EF,02/06/2026,Public,Salisbury
Masbro Centre,The Green Londonder,W140LR,28/05/2026,Public,Hammersmith and Chiswick
Oscars at Ludlow Assembly Rooms,Ludlow 21,SY81AZ,27/06/2026,Public,South Shropshire
Much Marcle Memorial Hall,Sustainability Cafe,HR82LY,24/06/2026,Public,North Herefordshire
Settle Methodist Church,Action on Climate Emergency (Settle and Area),BD249JH,17/09/2026,Public,Skipton and Ripon
Tilehurst Methodist Church,Reading & Mid Berkshire Steering Group,RG315AN,11/05/2026,Public,Reading West and Mid Berkshire
Cheadle Methodist Church,Moorlands Climate Action,ST101DU,05/06/2026,Invite only,Staffordshire Moorlands
Foxlowe Arts Centre,Moorlands Climate Action,ST136AD,12/06/2026,Invite only,Staffordshire Moorlands
"Victoria Hall, Tisbury",Nadder Community Energy,SP36LE,03/07/2026,Public,Salisbury
Redruth tbc,None in particular,TR152AZ,TBC,Date TBC,Camborne and Redruth
St John's Church,St John's Church,RG278ED,07/06/2026,Public,North East Hampshire
British Interplanetary Society,Trillium Technologies,SW81SZ,TBC,Date TBC,Vauxhall and Camberwell Green
Twm or Nant Theatre Denbigh,Y Ty Gwyrdd Refill Shop,LL163DA,12/06/2026,Public,Clwyd North
"Cossham Hall at The Armstrong, Thornbury",CATSA-CIC,BS352BJ,04/06/2026,Public,Thornbury and Yate
Norwich Arts Centre,Norwich Arts Centre,NR24PG,28/06/2026,Public,Norwich South
"New Carlton Cinema, Okehampton",Plastic Free Okehampton,EX201HN,TBC,Date TBC,Central Devon
Maggie's North Wales,BCUHB North Wales Psychiatry Group,LL185UJ,08/06/2026,Invite only,Clwyd North
Brynsworthy Environment Centre,North Devon Council,EX313NP,05/05/2026,Invite only,North Devon
EvoEnergy offices,EvoEnergy Ltd.,NG96DZ,05/05/2026,Invite only,Broxtowe
The Roses Theatre,The Roses Theatre,GL205NX,17/06/2026,Public,Tewkesbury
The Roses Theatre,The Roses Theatre,GL205NX,02/06/2026,Public,Tewkesbury
Ashford Borough Council Staff and Cllr screening - Council Chamber,Ashford Borough Council - Kent,TN231HU,29/04/2026,Invite only,Ashford
Hayfield Primary School,Sustainable Hayfield,SK222HB,05/06/2026,Public,High Peak
Holly Lodge Community Centre,Camden Green Party,N66HL,16/06/2026,Public,Hampstead and Highgate
Sparks Bristol,Bristol Greenpeace,BS13JA,16/05/2026,Public,Bristol Central
Keynsham Baptist Church,MP Watch,BS311DS,01/06/2026,Public,North East Somerset and Hanham
Electric Picture House Cinema,Electric Picture House Cinema,GL127AE,09/05/2026,Public,Stroud
Brian Jackson House,Greenpeace / Friends of the Earth Huddersfield,HD15JP,05/06/2026,Public,Huddersfield
Deepcut Village Community Centre,Surrey Heath Climate and Nature Group,GU166BW,11/06/2026,Public,Surrey Heath
E.On Next House,E.On,EC1M6PB,28/04/2026,Invite only,Islington South and Finsbury
greenloop,blooloop,EX363PN,TBC,Date TBC,North Devon
"Devonshire Dome, Buxton - National Emergency Briefing",Transition Buxton,SK176RY,27/05/2026,Public,High Peak
Peoples Parkfeild,LocalMotion-Torbay,TQ33LY,TBC,Date TBC,South Devon
Morecambe Town Hall,Lancaster City Council Green Group,LA45AF,29/06/2026,Public,Morecambe and Lunesdale
Surrey Wildlife Trust Staff HQ,Surrey Wildlife Trust,GU240JN,29/04/2026,Invite only,Surrey Heath
Old Cathedral School,Diocese of Truro,TR12FQ,17/06/2026,Public,Truro and Falmouth
Llyfrgell Maindee Library,Maindee Unlimited,NP198BY,13/06/2026,Public,Newport East
"St Philip's Church Centre, Dorridge",St Philip's Church,B938DX,15/05/2026,Public,Meriden and Solihull East
Downderry and Seaton Village Hall,Downderry and Seaton Community,PL113JX,25/05/2026,Public,South East Cornwall
St Mary Hornsey Rise,St Mary Hornsey Rise,N193AD,21/05/2026,Public,Islington North
Cricklade Town Coucil Office,Cricklade Climate Action Network,SN66AE,11/06/2026,Invite only,South Cotswolds
"Kirklands Community Centre, Wharfe Room",Climate Action Menston,LS296HT,19/05/2026,Public,Shipley
Treo House : London Sustainability Collective,Treo House,SW90FJ,21/05/2026,Public,Vauxhall and Camberwell Green
Eco Park Porthtowan,Eco Park Porthtowan,TR48HL,19/05/2026,Public,Camborne and Redruth
Wyboston Lakes,UNISON,MK443AL,17/05/2026,Invite only,North Bedfordshire
Theatre Ffwrnes,Tin Town Media,SA153YF,TBC,Date TBC,Llanelli
Harrogate Friends Meeting House,Extinction Rebellion Harrogate,HG15PP,06/06/2026,Public,Harrogate and Knaresborough
Moor Imagination Centre,Moor Imagination Collective,TQ110AB,08/05/2026,Public,Central Devon
Berkeley House,YTKO Building Growth South West,EX11PZ,07/05/2026,Public,Exeter
"The Park Lecture Theatre, University of Gloucestershire",Sarah Daly,GL502RH,30/04/2026,Public,Cheltenham
People's Emergency Briefing - Crosby,PEB Merseyside,L220LQ,26/06/2026,Public,Bootle
Forest of Dean,Forest of Dean Climate Action Partnership,GL142AQ,TBC,Date TBC,Forest of Dean
Horsted Keynes village hall,Horsted Keynes village hall,RH177AP,06/05/2026,Public,East Grinstead and Uckfield
Brimpton Village Hall,Benefice of Aldermaston & Woolhampton,RG74TD,30/07/2026,Public,Reading West and Mid Berkshire
Todmorden Community College,Calder Peoples Emergency Briefing,OL147BX,21/05/2026,Public,Calder Valley
Greenhouse in Victoria Park,Portsmouth Climate Collective,PO13HJ,12/05/2026,Invite only,Portsmouth South
Guiseley Methodist Church,Guiseley Methodist Church with St Oswald's Church,LS209EP,25/04/2026,Public,Leeds North West
Whitegead Methodist Church Hall,Jubilee farm,BT389QA,TBC,Date TBC,NA
Berwick Parish Centre Hall,Greener Berwick,TD151HB,06/06/2026,Public,North Northumberland
Cornwall Federation of Women's Institutes/ Invitation from WI Climate Ambassadors,NFWI Climate Ambassador members of Cornwall WIs,TR49NH,22/05/2026,Invite only,Truro and Falmouth
Bradbury Hall,Westbury Park Community Association,BS94BT,14/06/2026,Public,Bristol North West
Charlbury Memorial Hall,Sustainable Charlbury,OX73QW,11/06/2026,Public,Banbury
"SISTER, Renold Building","Manchester People, Planet, Pint",M17JR,28/05/2026,Public,Manchester Central
South Brent Village Hall,NEB South Brent,TQ109JL,05/07/2026,Public,South Devon
"Christ Church Hall, Kerse Lane Falkirk",Christ Church,FK11RX,31/05/2026,Public,Falkirk
Kingston St Mary Village Hall,Kingston St Mary Parish Council,TA28HR,21/05/2026,Public,Taunton and Wellington
Riverhouse Barn Arts Centre,Green Elmbridge,KT122PF,20/05/2026,Public,Esher and Walton
Welland Village Hall,South Malvern Parish Ecology Groups,WR136LA,01/07/2026,Public,West Worcestershire
Birks Cinema,Birks Cinema Trust + Climate Cafe Network,PH152DA,22/06/2026,Public,Angus and Perthshire Glens
Derby City Council Councillors,Derby City Council,DE12FS,18/05/2026,Invite only,Derby South
"St Giles Church Hall, Ickenham",Hillingdon Friends of the Earth,UB108LJ,08/06/2026,Public,Uxbridge and South Ruislip
Hastings Eco Conference 2026 - White Rock Hotel,GreenWiz Events,TN341JU,10/10/2026,Invite only,Hastings and Rye
St Albans United Reformed Church - Greenwood Site Hall,St Albans United Reformed Church,AL23HG,10/06/2026,Public,St Albans
University Centre Warrington,Warrington Climate Emergency Commission,WA12NT,22/05/2026,Public,Warrington South
Glasgow Film Theatre: NEB and the Built Environment (screening + panel discussion),New Future,G36RB,01/06/2026,Public,Glasgow North
Midlands Festival of Nature,Kettering Nature Group,NN156NJ,31/05/2026,Public,Kettering
"Eldon Building, Portsmouth University",No6 Cinema,PO12DJ,08/05/2026,Public,Portsmouth South
"Postgraduate Lecture Theatre, Ysbyty Gwynedd",Betsi Cadwaladr University Health Board,LL572PW,11/06/2026,Public,Bangor Aberconwy
Llandaff Campus showing of the People's Emergency Briefing,Cardiff Metropolitan University,CF52YB,13/05/2026,Public,Cardiff West
Cundall office,Cundall,B32BH,12/05/2026,Invite only,Birmingham Ladywood
3 Wellington Place,WSP UK & Ireland,LS14AP,19/05/2026,Invite only,Leeds South
The Red House MicroPub,The Red House MicroPub,NE177LL,29/04/2026,Public,Blaydon and Consett
Cheese & Grain,Local organisations with support from Frome Town Council,BA111BE,21/05/2026,Public,Frome and East Somerset
"Old Schoolrooms, Round Chapel",Hackney Climate Action,E50NP,14/05/2026,Public,Hackney South and Shoreditch
Oxford Town Hall,Parents for Future/FOE,OX11BX,11/06/2026,Invite only,Oxford West and Abingdon
St John's Community Hall,Lower Calder Valley People's Emergency Briefing,HD61HN,06/06/2026,Public,Calder Valley
"University of Strathclyde, Learning and Teaching Building",University of Strathclyde,G11XQ,12/05/2026,Public,Glasgow North East
Sands Films Cinema,Sands Films Cinema Club,SE164HZ,19/06/2026,Public,Bermondsey and Old Southwark
"Parkside Hall, Ampthill",Ampthill Climate Change Group,MK452HX,07/06/2026,Public,Mid Bedfordshire
PEB for GP healthcare staff,Halo PCN,AL35NP,14/05/2026,Invite only,St Albans
Welshpool Town Hall,Private individual with support of Welshpool Town Council,SY217JQ,29/06/2026,Public,Montgomeryshire and Glyndwr
"St George the Martyr Church, Preston",Climate Action Preston,PR12NN,20/05/2026,Public,Preston
"Cinemac, The Heritage Centre, Roe Street, Macclesfield",Global Justice Macclesfield,SK116UT,TBC,Date TBC,Macclesfield
Llanwenarth Baptist Church Hall,Llanwenarth Baptist Church,NP79RE,21/05/2026,Public,Monmouthshire
Drylaw Neighbourhood Centre,Drylaw and Telford Community Association,EH42SA,26/05/2026,Public,Edinburgh West
Gorton Library,Manchester City Council,M188HE,TBC,Date TBC,Gorton and Denton
Longsight Library,Manchester City Council,M124NE,TBC,Date TBC,Gorton and Denton
HSDC Alton College - Martin Read Hall,Alton Climate Action Network,GU342HU,19/06/2026,Public,East Hampshire
"School 3, St Salvators Quad, North Street. St Andrews",Transition University St Andrews,KY169AL,TBC,Date TBC,North East Fife
"St. Giles Church, Desborough",St.Giles Ecochurch group,NN142NP,11/09/2026,Public,Kettering
"Tracton Arts and Community Centre , Knocknamanagh , County Cork",Tracton Biodiversity Group,"Minane Bridge, Co Cork, Ireland",15/05/2026,Public,NA
"All Saints Church, Hemblington","Friends of All Saints Church, Hemblington",NR134EF,TBC,Date TBC,Broadland and Fakenham
Chipping Norton,Chipping Norton People Planet Pint,OX75NF,TBC,Date TBC,Banbury
Hertford Methodist Church,Hertford Churches Together,SG137DZ,08/06/2026,Public,Hertford and Stortford
"St Michael's Wandsworth Common, Cobham Close, SW116SP","XR Wandsworth, Christian Climate Action, Greener Jobs Alliance",SW116SP,28/05/2026,Public,Battersea
Trinity Rooms Stroud,Stroud Earth Community,GL52HZ,26/04/2026,Public,Stroud
The Turner House Gallery / Penarth screening,Gwyrddio Penarth Greening,CF643DH,13/05/2026,Public,Cardiff South and Penarth
Wareham United Reformed Church,Sustainable Wareham,BH204QT,21/05/2026,Public,Mid Dorset and North Poole
Port William,Local charity,DG89RD,TBC,Date TBC,Dumfries and Galloway
Herne Hill,Herne Hill,SE249HU,TBC,Date TBC,Dulwich and West Norwood
Birkbeck University of London internal event,Birkbeck University of London,WC1E7HX,08/07/2026,Invite only,Holborn and St Pancras
"Christ Church, Longridge",Longridge Environment Group,PR33JA,03/06/2026,Public,Ribble Valley
"St Mary's Church, Titchmarsh NN14 3DB",Titchmarsh Environmental Group,NN143DB,19/05/2026,Public,Corby and East Northamptonshire
Champions Manor Hall,SWF u3a,CM35LJ,TBC,Date TBC,Maldon
Dunbar Town House,Sustaining Dunbar,EH421ER,TBC,Date TBC,Lothian East
St.Cuthbert's Scottish Episcopal Church,Greenpeace Edinburgh,EH130BB,01/05/2026,Public,Edinburgh South West
Lancaster Friends Meeting House,Lancaster Quaker Meeting,LA11TX,11/06/2026,Public,Lancaster and Wyre
"Richardson Room, Landmark Centre, Deal",East Kent Climate Action,CT146BB,08/05/2026,Public,Dover and Deal
"Ysbyty Glan Clwyd, Post Graduate Centre",HEIW / Doctors' Association UK,LL185UJ,10/06/2026,Public,Clwyd North
Atlantic Academy Portland,b-side,DT52NA,30/04/2026,Public,South Dorset
People's Emergency Briefing film screening and Q&A organised by the Prospects Foundation and Maundy Relief at Accrington Academy,The Prospects Foundation & Maundy Relief,BB54FF,13/05/2026,Public,Hyndburn
"Lincoln Bishop University, LN13DY. Hardy Building",Lincoln Bishop University,LN13DY,22/04/2026,Public,Lincoln
"Mayfield School, 'The Cornelia Connely Room'",Mayfield Climate Action,TN206PH,24/04/2026,Public,Sussex Weald
Holbrook Village Hall,Holbrook Parish Council,IP92PZ,26/06/2026,Public,South Suffolk
Berriew Village Hall,none,SY218BA,06/06/2026,Public,Montgomeryshire and Glyndwr
"Hardy Building, Lincoln Bishop University LN13DY",Lincoln Bishop University,LN13DY,23/04/2026,Public,Lincoln
Innellan Community Hall,Community Screening,PA237TH,26/04/2026,Public,"Argyll, Bute and South Lochaber"
Thame Players Theatre/Peoples Emergency Briefing,Thame Cinema For All,OX92DP,10/05/2026,Invite only,Henley and Thame
Forest Row Village Hall,Forest Row Film Club,RH185ES,TBC,Date TBC,East Grinstead and Uckfield
Pencombe village hall,None,HR74SH,06/05/2026,Public,North Herefordshire
Falcon Hotel Mews National Emergency Briefing,None,HR74BT,30/04/2026,Public,North Herefordshire
St. George's Hall,Transition Bewdley,DY122EQ,19/06/2026,Public,Wyre Forest
tbc Oxford,Oxford FoE,OX13LW,TBC,Date TBC,Oxford West and Abingdon
Pinderfields Hospital - Trust HQ Lecture Theatre,Mid Yorkshire Hospitals NHS Teaching Trust,WF14DG,04/06/2026,Invite only,Wakefield and Rothwell
Chepstow Art Space,Doing Good Catering,NP165PG,07/06/2026,Public,Monmouthshire
Stelling Minnis Village Hall,Greenpeace and other organisations,CT46AG,09/07/2026,Public,Ashford
"Elmslie Hall, George Abbot School",George Abbot PTA,GU11XX,18/06/2026,Public,Guildford
West Malvern Social Club,NEB Malvern Hills,WR144AY,13/06/2026,Public,West Worcestershire
"Wellspring Church, Wirksworth",Dales Climate Alliance,DE44DS,01/05/2026,Public,Derbyshire Dales
Saffron Walden Town Hall,Sustainable Uttlesford,CB101HR,11/06/2026,Public,North West Essex
"St Andrew's Hall, Chesterton",St Andrew's Eco Church,CB41DH,16/05/2026,Invite only,Cambridge
"People's Emergency Briefing at Claremount Methodist Hall, Wallasey, Wirral",Wirral Environmental Network,CH453JZ,03/07/2026,Public,Wallasey
Rowena davey centre,Wholesome Charity,CM61EQ,08/05/2026,Public,North West Essex
Lostwithiel Church Rooms,LEAF (Lostwithiel Environment Action Forum),PL220DA,07/05/2026,Public,South East Cornwall
Temperance Art & Music Café Bar,Leam Eco Hub,CV313AF,11/05/2026,Public,Warwick and Leamington
"Corn Exchange Cupar, NEB screening",Sustainable Cupar,KY154BT,11/06/2026,Public,North East Fife
Chelmsford,Independent,CM26QR,TBC,Date TBC,Chelmsford
Rowena Davey Centre,Wholesome Charity,CM61EQ,06/05/2026,Public,North West Essex
Northside Community Centre,Village Larder,CA141AX,09/06/2026,Invite only,Whitehaven and Workington
Abbeygate Cinema. Bury St Edmunds,Greenpeace,IP331LZ,20/05/2026,Public,Bury St Edmunds and Stowmarket
"Nailsea Methodist Church, 74-76 Silver Street, Nailsea, BS48 2DS",Nailsea Methodist Church Eco Team / Nailsea Climate Emergency Group,BS482DS,26/06/2026,Public,North Somerset
Villa Marina & Broadway Cinema,Net Zero Isle of Man | Biosphere Isle of Man | Department of Home Affairs,IM12HP,05/05/2026,Invite only,Epping Forest
"Marymount International School, Paris","Marymount International School, Paris","Neuilly-sur-Seine, France",TBC,Date TBC,NA
Balmaghie Public Hall,N/A,DG72PN,20/05/2026,Public,Dumfries and Galloway
Theatr Soar: People's Emergency Briefing,Canolfan a Theatr Soar,CF478UB,30/04/2026,Public,Merthyr Tydfil and Aberdare
Bristol Hub,National Trust,BS83RA,08/04/2026,Invite only,North Somerset
Sydenham Centre,Climate Action Lewisham,SE265QX,13/05/2026,Public,Lewisham West and East Dulwich
People's Emergency Briefing (Ireland),Green Greystones (community group),A63 KN52,21/05/2026,Public,NA
Clements Hall,Clements Hall & Planet South Bank,YO231BW,19/06/2026,Public,York Central
Cotswold Community Centre,Shirehampton Climate Emergency Group,BS119XH,28/04/2026,Public,Bristol North West
Letterston Memorial Hall,Transition Bro Gwaun,SA625RY,29/05/2026,Public,Mid and South Pembrokeshire
Tullie,Sustainable Carlisle,CA38TP,05/05/2026,Invite only,Carlisle
Portesham Village Hall,Vaughan Jones,DT34NS,03/05/2026,Public,West Dorset
Arts Ark,Tower bridge moorings,SE12AX,06/05/2026,Invite only,Bermondsey and Old Southwark
Cardiff University Students Union,Cardiff University Students Union,CF103QN,28/04/2026,Public,Cardiff South and Penarth
Beckenham Methodist Church / People's Emergency Briefing,Concerned Citizens of Beckenham & Penge,BR35JE,12/06/2026,Public,Beckenham and Penge
HEART Headingley,Zero Carbon Headingley,LS63HN,20/05/2026,Public,Leeds Central and Headingley
Buckingham Film Place,Buckingham Environmental Action Network,MK181EG,24/07/2026,Public,Buckingham and Bletchley
The Gathering Place @ Dunoon Bunkhouse,Gaia Gathering,PA237DD,15/06/2026,Public,"Argyll, Bute and South Lochaber"
"Olympia, London",Innovation Zero World Congress,W148UX,28/04/2026,Invite only,Hammersmith and Chiswick
"Trafalgar Road Baptist Church, Horsham",Horsham Green film Festival,RH122QL,21/04/2026,Public,Horsham
"Brighton Road Baptist Church, Horsham",Coalition of local groups,RH135BD,26/06/2026,Public,Horsham
Ramsgate Community Cinema,Kent Film Foundation,CT119HD,26/04/2026,Public,East Thanet
"William Morris House, Wimbledon",William Morris House / Sustainable Merton / Friends of the Earth,SW191SD,30/04/2026,Public,Wimbledon
Audley Nightingale Place 19:00,Friends of Clapham Common,SW49AH,28/04/2026,Public,Battersea
The Studio at The Petersfield School,Petersfield Climate Action Network,GU323LU,21/05/2026,Public,East Hampshire
Eco Collective National Emergency Briefing screening,More Music,LA31QT,13/11/2026,Public,Morecambe and Lunesdale
The Growforward Project,The Growforward Project,EX327LA,18/05/2026,Public,North Devon
Lighthouse Poole,Office of Neil Duncan-Jordan MP,BH151UG,11/06/2026,Invite only,Poole
Ritz Cinema,Transition Belper,DE561QA,23/05/2026,Public,Mid Derbyshire
'The Stars' Bishop's Castle,Lightfoot Enterprises,SY95BU,17/04/2026,Public,South Shropshire
Unity Brighton Office,Badger Trust,BN14RB,14/05/2026,Public,Brighton Pavilion
Ludlow Methodist,Ludlow 21,SY81NH,06/06/2026,Public,South Shropshire
Shepton Mallet - Pennard House Hotel,Satori Organisational Development,BA46TP,06/05/2026,Invite only,Frome and East Somerset
Chesterfield Library Theatre,Chesterfield Climate Alliance,S401QN,13/06/2026,Public,Chesterfield
Knighton Community Centre,TVEG (Teme Valley Environment Group),LD71DR,22/05/2026,Public,"Brecon, Radnor and Cwm Tawe"
"The Strand Centre, Dawlish.",Sustainable Dawlish,EX79PT,26/05/2026,Public,Newton Abbot
St Peter's Church Shipley,St Peter's Church,BD184JH,27/06/2026,Public,Shipley
People Planet Pint NEB Screening,Vision 21,GL504EY,23/04/2026,Public,Cheltenham
Uplyme Church,Uplyme Climate Community,DT73TT,29/04/2026,Public,Honiton and Sidmouth
"Holy Spirit Church, Bretton","Holy Spirit Church, Bretton",PE38DX,18/09/2026,Invite only,Peterborough
"the Hub, New Radnor",Resilient Radnorshire,LD82SS,14/07/2026,Public,"Brecon, Radnor and Cwm Tawe"
"St Barnabas, Knowle West","St Barnabas Church, Knowle West",BS41DQ,25/06/2026,Public,Bristol East
Hexham Abbey - Natioanl Emergency Briefing Film,Hexham Town Council,NE463NB,10/06/2026,Public,Hexham
Squash Liverpool,Squash Liverpool CIC,L88EQ,30/04/2026,Public,Liverpool Riverside
Dundry Village Hall,Dundry Climate and Community Action Group,BS418LN,01/05/2026,Public,North Somerset
The Create Centre,Frank Water Projects,BS16XN,22/04/2026,Public,Bristol Central
Montrose Playhouse,Montrose LandxSea Film Festival & Angus Climate Hub,DD108NN,14/05/2026,Public,Angus and Perthshire Glens
Gamlingay Eco Hub,Gamlingay Climate Action Group,SG193JR,13/05/2026,Public,South Cambridgeshire
"St Mary's Cathedral, Newcastle",Justice and Peace Council (Diocese of Hexham and Newcastle),NE15HH,09/05/2026,Invite only,Newcastle upon Tyne Central and West
Civic Centre Stafford,Community Panel,ST163AQ,27/04/2026,Invite only,Stafford
Stafford Institute of Technology,Rising Brook Ground Force,ST162QR,15/06/2026,Public,Stafford
The Green Room Theatre,Dorking Community Network,RH41SG,15/05/2026,Public,Dorking and Horley
Rye Community Centre,Sussex Greenways,TN317LE,30/04/2026,Public,Hastings and Rye
People's Emergency Briefing @ Poetry Club SWG3,SWG3 Ltd,G38QG,14/05/2026,Public,Glasgow North
Fintry Museum,Fintry Museum Society,G630XF,20/05/2026,Public,Stirling and Strathallan
Robin Lane Health and Wellbeing Centre,Robin Lane Health and Wellbeing Centre,LS287DE,25/06/2026,Invite only,Leeds West and Pudsey
Campy Growers,Campy Growers,DD24TF,03/05/2026,Public,Dundee Central
Sidmouth St Giles & St Nicholas Church,CAPS,EX108LG,06/06/2026,Public,Honiton and Sidmouth
"The People's Emergency Briefing, Private Viewing at The Old New Inn, Llanfyllin",BRACE,SY225AA,20/05/2026,Invite only,Montgomeryshire and Glyndwr
"The People's Emergency Briefing, Llanfyllin Institute, Powys",BRACE Building Resilience and Community Engagement,SY225AA,15/05/2026,Public,Montgomeryshire and Glyndwr
York Diocese Office,Diocese of York,YO304XT,18/06/2026,Invite only,York Outer
Bath Spa University Green Week,Bath Spa University,BA29BN,24/04/2026,Public,North East Somerset and Hanham
Abingdon Abbey Cinema,One Planet Abingdon,OX143JD,19/06/2026,Invite only,Oxford West and Abingdon
Assembly Room,Sustainable Carlisle,CA38JE,06/05/2026,Public,Carlisle
St Mary's Walthamstow,St Mary's Walthamstow,E179RJ,25/06/2026,Public,Walthamstow
"Allenburys Sports & Social Club, Ware","MAGI Group, Hertford & Ware U3A",SG120DJ,19/06/2026,Public,Hertford and Stortford
Memorial Hall South Downs National Park / National Emergency Briefing Screening,The Really Regenerative Centre CIC,GU299DH,14/05/2026,Public,Arundel and South Downs
Nene Wetlands Visitor Centre,WildlifeBCN,NN106FA,15/05/2026,Invite only,Wellingborough and Rushden
"Tythe Barn, St. Donat's Castle Arts Centre",UWC Atlantic,CF611WF,05/09/2026,Public,Vale of Glamorgan
Halton Mill,Green Elephant Cooperative,LA26ND,11/06/2026,Public,Morecambe and Lunesdale
Strathaven Town Mill,Climate Action Strathaven,ML106LT,27/05/2026,Public,East Kilbride and Strathaven
Temperance - Art & Music Café Bar,Leam Eco Hub,CV313AF,02/06/2026,Public,Warwick and Leamington
People's Emergency Briefing Screening at FarmED,FarmED,OX76BJ,07/07/2026,Public,Witney
Jesmond Library,Extinction Rebellion,NE22DL,18/06/2026,Public,Newcastle upon Tyne North
"Naylor Leyland Centre, Ruthin",Ruthin Friends of the Earth,LL151AF,10/06/2026,Public,Clwyd East
Mearns Community Hub (Catalyst Church) / Community Screening of People's Emergency Briefing,The Changineer Ltd,AB301BL,27/05/2026,Public,West Aberdeenshire and Kincardine
"Sawyer Hall, Newmarket, Nailsworth",Nailsworth Society Local Studies Group,GL60DQ,01/06/2026,Public,Stroud
The Victoria Club,Street’s Sustainability Network,BA160HB,09/05/2026,Public,Glastonbury and Somerton
Marloes Community,Marloes Community,SA623BQ,20/05/2026,Public,Mid and South Pembrokeshire
Firepool Centre for Digital Innovation,Somerset Council and Somerset Wildlife Trust,TA11FH,27/04/2026,Invite only,Taunton and Wellington
Forest Hall Ex-Servicemens Institute,Forest Hall Community Group,NE129AR,10/06/2026,Public,Newcastle upon Tyne North
"Waddington Street URC, Durham",Waddington Street United Reformed Church,DH14BG,23/05/2026,Public,City of Durham
"United Reformed Church, church hall",Stretton Climate Care,SY66BY,05/05/2026,Public,South Shropshire
Grange Project,Grange Project,NP255HW,16/05/2026,Public,Monmouthshire
"Holy Trinity Church, St Austell",Climate Action St Austell (CASA),PL254FZ,06/06/2026,Public,St Austell and Newquay
Spring Bank Arts Centre,Transition New Mills,SK224BH,20/06/2026,Invite only,High Peak
Church House Oxford,Diocese of Oxford,OX51GF,01/06/2026,Invite only,Bicester and Woodstock
"United Church, Bradford on Avon",Climate Friendly Bradford on Avon,BA151DD,21/05/2026,Public,Melksham and Devizes
Skenfrith Parish Hall,Skenfrith local community,NP78UH,30/04/2026,Public,Monmouthshire
"Castlehaven Community Association, Clarence Hall",Eco Docs at Castlehaven,NW18RN,01/05/2026,Public,Holborn and St Pancras
"Carmelite House, LG Auditorium",Hachette UK,EC4Y0DZ,10/06/2026,Invite only,Cities of London and Westminster
Silver Screen Cinema Folkestone,Your Local Councillors,CT201DY,13/05/2026,Public,Folkestone and Hythe
"Waddington Street United Reformed Church, Durham",Waddington Street United Reformed Church,DH14BG,14/05/2026,Public,City of Durham
Cardiff University - Main Campus,Cardiff University,CF103AT,23/04/2026,Public,Cardiff South and Penarth
The Atherton Suite,Falmouth Town Council,TR113QA,27/04/2026,Invite only,Truro and Falmouth
Barbican Arts Centre,City Corporation Climate Champions staff network,EC2Y8DS,28/04/2026,Invite only,Cities of London and Westminster
St Michael's Boldmere,Deanery Environment Group,B735RX,19/05/2026,Invite only,Sutton Coldfield
St Cadocs HQ,Aneurin Bevan University Health Board,NP183XQ,01/07/2026,Invite only,Newport East
Senate House,"Institute of Commonwealth Studies, University of London",WC1E7HU,02/06/2026,Public,Holborn and St Pancras
Ashburton Arts Centre/ People's Emergency Briefing,Ashburton Climate Emergency (ACE),TQ137DT,10/05/2026,Public,Central Devon
The Winsford Academy,Winsford Sustainability Partners and Sustainable Northwich,CW72BT,15/05/2026,Public,Mid Cheshire
Southsea Cinema,Portsmouth Climate Collective,PO53QQ,16/05/2026,Public,Portsmouth South
Southsea Cinema - facilitators and organisers only,Portsmouth Climate Collective,PO53QQ,14/04/2026,Invite only,Portsmouth South
Newcastle University - Herschel Building,Newcastle University,NE17RU,22/04/2026,Public,Newcastle upon Tyne Central and West
"West Dean, Wiltshire/Hampshire",Thundays,SP51JF,13/05/2026,Public,Salisbury
Temperance Art & Music Café Bar,Leam EcoHub,CV313AF,28/04/2026,Public,Warwick and Leamington
Brewery Arts Centre,Kendal NEB Group,LA94HE,08/10/2026,Public,Westmorland and Lonsdale
Sevenoaks Unitarians NEB screening,Sevenoaks Unitarians,TN132PX,02/05/2026,Public,Sevenoaks
"St Mary's Church, Newton Flotman",Newton Flotman Climate Care,NR151PP,14/05/2026,Public,South Norfolk
Edgar Hall Somerton Business Park TA11 6SB,Somerton Town Council,TA116SB,29/05/2026,Invite only,Glastonbury and Somerton
Burghfield and Mortimer's Emergency Briefing,Phili and Rach,RG73EN,25/05/2026,Public,Reading West and Mid Berkshire
Ringmer Village Hall,Ringmer St Mary's Eco Team and Ringmer Repair Cafe,BN85QH,13/06/2026,Public,Lewes
Desford Free Church,Green Lives Green Planet Desford Climate Change Action Group,LE99GE,20/05/2026,Public,Hinckley and Bosworth
Green Scythe Fair,MP Watch Yeovil,TA100DW,14/06/2026,Public,Glastonbury and Somerton
Queen Elizabeth Gardens,Salisbury XR,SP27TD,16/05/2026,Public,Salisbury
Robert Burns Centre Film Theatre,Dumfries Climate Kitchen,DG27BE,26/04/2026,Public,Dumfries and Galloway
Christ Church,"Christ Church, Swindon",SN13HB,27/04/2026,Public,Swindon South
Cottenham Community Centre,On the Edge Cottenham,CB248RZ,17/05/2026,Public,Ely and East Cambridgeshire
Exmoor National Park Visitors Centre,Lyn Climate Action,EX356EQ,09/05/2026,Public,North Devon
Poringland Community Centre,South Yare Wildlife Group,NR147WB,21/05/2026,Public,South Norfolk
"The Public Hall, Budleigh Salterton",The Otter Valley Association,EX96RJ,28/05/2026,Public,Exmouth and Exeter East
Chantry center,CADCAN,GL114JB,07/06/2026,Public,Stroud
St Just Library,In collaboration with St Just and Pendeen Parish Council,TR197HX,16/04/2026,Invite only,St Ives
Addingham Memorial Hall,Climate Action Addingham,LS290PD,03/07/2026,Public,Keighley and Ilkley
"St Ives Free Church, Market Hill, St Ives, Cambs/Eco Café Screening",St Ives Eco Café,PE275AL,13/06/2026,Public,Huntingdon
Beaulieu Village Hall,Greener Beaulieu Group,SO427YA,30/04/2026,Public,New Forest East
Other Space Arts,Windsor People Planet Pint,SL41SE,16/05/2026,Public,Windsor
beach House Pavillion,Climate Resilience Centre Worthing,BN112DB,30/04/2026,Public,Worthing West
"Bromsgrove District Council, Parkside Hall",Bromsgrove Climate Action,B618DA,09/06/2026,Public,Bromsgrove
George Alcock Community Centre,Peterborough Green Party,PE28QS,11/06/2026,Invite only,North West Cambridgeshire
No6 Cinema,Portsmouth Climate Collective,PO12DJ,08/05/2026,Public,Portsmouth South
"Olveston St Mary's Church, 2 Church Hill",GreenForceatSt.Mary's,BS354BX,09/06/2026,Public,Thornbury and Yate
York People's Emergency Briefing - Tempest Anderson Hall,YorkCliConnect,YO307DT,09/05/2026,Public,York Central
"St Mary's Church, Newchurch-in-Pendle",Goldshaw Booth Parish Council,BB129JR,11/05/2026,Public,Pendle and Clitheroe
Worcester Cathedral,Worcester Cathedral,WR12LA,21/05/2026,Public,Worcester
The Ritz,Sustainable PZ,TR184BJ,27/05/2026,Public,St Ives
L'Oreal UKI Head Office,L'Oreal,W127SA,29/04/2026,Invite only,Ealing Central and Acton
"Zeffirellis Independent Cinema, Ambleside/ The People's Emergency Briefing",Ambleside Action for a Future,LA229DJ,13/05/2026,Public,Westmorland and Lonsdale
Holy Trinity Fareham,Green Christians,PO160EL,02/05/2026,Public,Fareham and Waterlooville
People's Emergency Briefing @ the Woodfield Pavilion,The Woodfield Project,SW161AP,20/05/2026,Public,Streatham and Croydon North
"Blyburgate Hall, Beccles",Beccles Climate Emergency Briefing,NR349TF,30/04/2026,Public,Lowestoft
"The Exchange, Twickenham, TW1 1BE",Richmond Climate Coalition,TW11BE,18/06/2026,Public,Twickenham
Chulmleigh Town Hall,Sustainable Chulmleigh,EX187BR,29/04/2026,Public,North Devon
All Hallows by the Tower,All Hallows by the Tower,EC3R5BJ,22/09/2026,Public,Cities of London and Westminster
Away Day Screening,LTHT Adult Psychology,LS97TF,24/09/2026,Invite only,Leeds East
Colliers Wood library,Colliers Wood Residents Association,SW192HR,21/04/2026,Public,Mitcham and Morden
CUH Green Champions Community Screening,Cambridge University Hospitals,CB20QQ,30/04/2026,Invite only,South Cambridgeshire
"Christ Church, East Sheen",Judith Russenberger,SW147AW,22/04/2026,Public,Richmond Park
Wanstead Library,Wanstead Climate Action,E112RQ,03/06/2026,Public,Leyton and Wanstead
"The Forum, Norwich",Bright Green Edge CIC,NR21TF,05/05/2026,Public,Norwich South
"Biggin Hall, Dover",Transition Dover with Deal and Dover Green Party,CT161BD,26/04/2026,Public,Dover and Deal
Tamar Valley Centre,South East Cornwall Greens,PL189FE,30/05/2026,Public,South East Cornwall
Bournemouth Library,"Extinction Rebellion Bournemouth, Christchurch & Poole",BH25RQ,16/05/2026,Public,Bournemouth West
Great Meeting Unitarian Chapel - Unitarians For Climate Justice,Great Meeting Unitarian Chapel,LE14SX,26/04/2026,Public,Leicester South
Teign Heritage Museum,Newton Abbot Constituency CAN Bill Support Group,TQ148ST,11/06/2026,Public,Newton Abbot
Royal Sussex County Hospital,University Hospitals Sussex,BN25BE,10/06/2026,Invite only,Brighton Kemptown and Peacehaven
Langford Budville Village Hall,Langford Budville Community,TA210RL,22/05/2026,Public,Tiverton and Minehead
The Liskerrett Centre,South East Cornwall Greens,PL144AP,23/05/2026,Public,South East Cornwall
"St James Church, Marshall Hill Drive, NG3 6FY",Gedling Climate Change Group,NG36FY,20/04/2026,Public,Gedling
Helston - Old Cattle Market,99p Films C.I.C.,TR130SR,10/05/2026,Public,St Ives
"The Village Hall, Scalasiag, Isle of Colonsay",Colonsay Community Development Company,PA617YW,24/04/2026,Public,"Argyll, Bute and South Lochaber"
Portsmouth University,Centre for Blue Governance,PO13HE,30/04/2026,Public,Portsmouth South
Dry Water Arts Centre,Dry Water Arts,NE650FG,24/05/2026,Public,North Northumberland
"10A South Grove, N66BS",The Highgate Society,N66BS,20/05/2026,Public,Hampstead and Highgate
Old Fire Station Council Chambers,Salford People Planet Pint,M54NL,22/04/2026,Public,Salford
NEB film screening with ECCAN @ St Augustine's Church George IV Bridge,Edinburgh Communities Climate Action Network (ECCAN),EH11EL,13/05/2026,Public,Edinburgh East and Musselburgh
Greener Kirkcaldy,Greener Kirkcaldy,KY11XT,12/05/2026,Public,Cowdenbeath and Kirkcaldy
All Hallows’ Church,All Hallows’ Church,LS61NP,22/04/2026,Public,Leeds Central and Headingley
"St Mary's church, Bideford",North Devon Climate Forum,EX392BP,15/04/2026,Public,Torridge and Tavistock
Newbury (Waterside Activity and Community Centre),Nature and Climate Network - Working together for a sustainable West Berks,RG141DS,13/06/2026,Public,Newbury
Midlands Arts Centre,Midlands Arts Centre,B129QH,07/06/2026,Public,Birmingham Hall Green and Moseley
Amesham Community Centre at the Chiltern Lifestyle Centre,Sustainable Amersham,HP65AH,02/07/2026,Invite only,Chesham and Amersham
Royal Cinema Sutton Coldfield,Rebel Punkworx,B721QL,17/06/2026,Public,Sutton Coldfield
The Council House,Derby City Council,DE12FS,29/04/2026,Invite only,Derby South
Arnside Educational Institute,Sustainable Arnside,LA50DF,15/04/2026,Invite only,Morecambe and Lunesdale
Thanet Community Centre,Camden Green Party,NW54HD,17/04/2026,Public,Holborn and St Pancras
"St John & St Stephen's church, Reading",St John & St Stephens,RG13JN,23/04/2026,Public,Reading Central
"The Cross Barn, Palace Gate Farm, Odiham",Odiham U3a,RG291JX,31/05/2026,Public,North East Hampshire
Art Gene Gallery,Art Gene,LA145TY,22/04/2026,Public,Barrow and Furness
Just Bee Productions,Dundee and Angus Greens,DD14EH,24/04/2026,Invite only,Dundee Central
Woodbridge Community Hall,Deben Climate Centre,IP124AU,08/05/2026,Public,Suffolk Coastal
Peoples Republic of Stokes Croft,Peoples Republic of Stokes Croft,BS28JW,27/04/2026,Public,Bristol Central
Sustainability Film Club screening - Allianz Bournemouth office,Allianz,BH77DT,12/05/2026,Invite only,Bournemouth East
Teignmouth Pavilions,Teignbridge District Council,TQ148BG,10/07/2026,Public,Newton Abbot
Coventry Central Hall,Warwickshire Wildlife Trust - Team Wilder,CV12HA,30/05/2026,Public,Coventry South
Lowther Pavilion,Lowther Garden (Lytham) Management Ltd,FY85QQ,09/05/2026,Public,Fylde
Chacewater Village Hall,Chacewater Community Energy Group,TR48PZ,16/05/2026,Public,Truro and Falmouth
Summerhill Bowling Club,PASA/Tyneside Extinction Rebellion,NE46EH,16/06/2026,Public,Newcastle upon Tyne Central and West
St Ninian's Episcopal Church,St Ninian's Episcopal Church,EH41AG,25/04/2026,Public,Edinburgh North and Leith
People's Emergency Briefing Minchinhampton,Minchinhampton Climate Action Network,GL69BW,26/04/2026,Public,North Cotswolds
UWE Bristol Business School,UWE Bristol,BS161ZG,18/05/2026,Public,Filton and Bradley Stoke
Hanover Community Centre,Hanover Action: towards a sustainable community,BN29UD,01/06/2026,Public,Brighton Pavilion
STC Crookes,Crookes Churches Joint Ecogroup,S101UL,27/04/2026,Public,Sheffield Hallam
Golden Lane Community Centre,N/A,EC1Y0SA,30/05/2026,Public,Cities of London and Westminster
Ocean Road Community Centre,N/A,NE332DW,09/06/2026,Public,South Shields
The People's Emergency Briefing - A Christian Response,Greener Littleover,DE221GU,15/05/2026,Public,Derby North
Barnstaple Library/ People’s Emergency Briefing,North Devon Climate Forum,EX311EL,18/04/2026,Public,North Devon
Shirley Methodist Church,Croydon u3a,CR08SD,08/06/2026,Public,Croydon East
The Old Waterworks,The Old Waterworks,SS07AB,17/05/2026,Public,Southend East and Rochford
"St Andrews Parish Church , Chelmsford CM1 2JB",Anglican Church,CM12JB,10/06/2026,Public,Chelmsford
Trinity Rooms,Trinity Rooms,GL52HZ,26/04/2026,Public,Stroud
University of Chester Sociology,University of Chester Sociology,CH14BJ,14/05/2026,Invite only,Chester North and Neston
"The Carriage Works, Leeds",The Insurance Institute of Leeds,LS23AD,16/06/2026,Public,Leeds Central and Headingley
Wilfred Noyce Centre,Godalming Emergency Brieifing,GU71HR,26/06/2026,Public,Godalming and Ash
Swansea Environment Centre,Environment Centre,SA11RY,22/04/2026,Public,Swansea West
Sheffield Energy Hub,South Yorkshire Climate Alliance,S12HQ,08/04/2026,Public,Sheffield Central
"The Cross Barn, Palace Gate Farm, Odiham",Odiham U3a,RG291JX,30/04/2026,Public,North East Hampshire
Cellb - Argyfwng Hinsawdd /Climate Emergency,gwallgofiaid cyf,LL413AD,28/04/2026,Public,Dwyfor Meirionnydd
Hugglescote Community Centre,"Ian Abbott, Private individual, Green Party Member.",LE672GD,25/04/2026,Public,North West Leicestershire
"Medway Adult Education, Community Hub, Eastgate, Rochester ME1 1EW",Rochester Eco Hub,ME11EW,27/04/2026,Public,Rochester and Strood
Eastgate Theatre and Arts Centre,Global Justice Scottish Borders,EH458AD,17/05/2026,Public,"Dumfriesshire, Clydesdale and Tweeddale"
Henley-on-Thames Town Hall,Greener Henley,RG92AQ,08/06/2026,Invite only,Henley and Thame
Seth Ward Community Centre,Buntingford Community Project,SG99SG,24/06/2026,Public,North East Hertfordshire
"NTs Loft , London Fields",Hackney Climate Action,E83RL,08/06/2026,Public,Hackney South and Shoreditch
St. Stephen's Church Ealing,People&Planet Group,W138HB,19/04/2026,Public,Ealing Central and Acton
"Assembly Room, Council House, North Street Chichester",Transition Town Chichester,PO191LQ,16/04/2026,Public,Chichester
Oswestry Maona Cinema / People's Emergency Briefing,Oswestry Climate Action Hub,SY111JN,01/05/2026,Public,North Shropshire
Ilkley Grammar School,Climate Action Ilkley,LS298TR,15/05/2026,Public,Keighley and Ilkley
Colchester LEAF,Colchester LEAF Community Climate Centre,CO11LG,15/05/2026,Public,Colchester
"Wiltshire Wildlife Trust at Langford Lakes,",Local Environment Action Friends,SP34NH,28/04/2026,Invite only,Salisbury
Paul Street Taunton,Climate Action Taunton,TA13PF,15/04/2026,Invite only,Taunton and Wellington
Bishopsteignton Community Centre,Bishopsteignton Parish Council Climate Impact Action Group,TQ149QL,20/06/2026,Public,Newton Abbot
The Commons,colchester NEB,CO11EU,29/04/2026,Public,Colchester
"Fearon Hall, Loughborough",Various community organisations in Charnwood,LE111PL,15/05/2026,Public,Loughborough
Lilac Grove Common House,Lilac,LS53AG,09/04/2026,Public,Leeds West and Pudsey
Lilac Grove Common House,Lilac,LS53AG,15/04/2026,Public,Leeds West and Pudsey
Longridge Town Council Meeting Rooms,Longridge Environment Group,PR33JP,13/04/2026,Invite only,Ribble Valley
Lle Hapus,Planet Refill,LL138DG,23/04/2026,Public,Wrexham
"The Canopi café-bar, Tudor St, Cardiff",ETO ETO x People Planet Pint Cardiff,CF116AD,22/04/2026,Public,Cardiff West
"The Whitworth Institute, Station Road, Darley Dale DE4 2EQ",Dales Climate Alliance,DE42EQ,25/04/2026,Public,Derbyshire Dales
XRSW Protestival NEB Screening,XR Action Support Team,BA23DQ,30/05/2026,Invite only,Bath
"Blandford Corn Exchange, Town Hall",Blandford Town Museum,DT117HQ,13/05/2026,Public,North Dorset
The Wellbeing Farm,The Wellbeing Farm,BL70BY,06/05/2026,Invite only,Rossendale and Darwen
South Croydon United Church Hall,COPSE - Croydon Outdoor Pursuits and Social Events,CR01EQ,07/04/2026,Invite only,Croydon South
St John's,St John's church,BD146AX,13/06/2026,Public,Bradford West
People's Emergency Briefing,Wirral Environmental Network,CH448ER,21/05/2026,Public,Wallasey
"Victoria Institute, Caton",Greenpeace,LA29QT,15/05/2026,Public,Morecambe and Lunesdale
The Cornish Bank,99p Films C.I.C.,TR113EF,12/04/2026,Public,Truro and Falmouth
Lle Hapus Wrecsam,Planet Refill,LL138DG,23/04/2026,Public,Wrexham
Lle Hapus Eagles Meadows Wrexham,Anouchka,LL138DG,23/04/2026,Public,Wrexham
Haslingfield Village Hall. National Emergency Briefing film,Haslingfield and Harlton Eco Group,CB231JP,05/07/2026,Public,South Cambridgeshire
Barcombe Village Hall,Barcombe village & local community,BN85BH,28/04/2026,Public,East Grinstead and Uckfield
Nantwich Civic Hall,Sustainable Nantwich and Nantwich Film Club,CW55DG,05/10/2026,Public,Crewe and Nantwich
Screening & Discussion: Glasgow South Side,XR Glasgow,G412PZ,01/05/2026,Public,Glasgow South
"Mile End Rd, Queen Mary Cinema (BLOC).",Queen Mary University London,E14NS,15/04/2026,Public,Bethnal Green and Stepney
Bloomfield Centre Narberth,Pembrokeshire Friends of the Earth,SA677ES,17/04/2026,Public,Mid and South Pembrokeshire
The Plough Arts Centre,The Plough Arts Centre,EX388HQ,20/04/2026,Public,Torridge and Tavistock
Castle Community Rooms,Greener Fram,IP139BQ,30/05/2026,Public,Central Suffolk and North Ipswich
Ayr Town Hall,u3aAyr,KA71JX,17/06/2026,Public,"Ayr, Carrick and Cumnock"
WWF Living Planet Centre,Woking Environment Action,GU214LL,22/04/2026,Public,Woking
Hornbeam Centre,Climate Events,E179AH,24/04/2026,Public,Walthamstow
"Imperial Rooms, Imperial Road, Matlock. DE4 3NL",Dales Climate Alliance,DE43NL,11/04/2026,Public,Derbyshire Dales
7 Crown Street Community Hub,Brentwood Climate Action,CM144BA,19/06/2026,Invite only,Brentwood and Ongar
"Lecture Room, Shrewsbury United Reformed Church",Shrewsbury United Reformed Church,SY37BJ,19/05/2026,Public,Shrewsbury
"The Hall, Atkinsons Lancaster",ReGenerate Founders Hubs and Atkinsons Partner,LA11EX,23/04/2026,Public,Lancaster and Wyre
"Neuadd y Dref, Aberteifi The Guildhall,Cardigan.",People's Emergency Briefing-Aberteifi,SA431JL,26/06/2026,Public,Ceredigion Preseli
"The Hive, Worcester",University of Worcester,WR13PD,02/05/2026,Public,Worcester
Goldfinch Books,Goldfinch and ACAN,GU341BN,08/04/2026,Public,East Hampshire
Unit 13,Alexander Hills Architects,E83QA,22/04/2026,Public,Hackney South and Shoreditch
October Books,Southampton Climate Hub,SO172NF,15/04/2026,Public,Southampton Test
"National Emergency Film Screening - The HUB, Bromley Greener & Cleaner",Greener & Cleaner,BR11DN,17/04/2026,Public,Bromley and Biggin Hill
Limekilns Screening of NEB,West Fife Greens,KY113HZ,09/04/2026,Invite only,Dunfermline and Dollar
"St Mary's Church, Lancaster Hall, Putney High Street, London SW15 1SN",XR Wandsworth,SW151SN,28/04/2026,Public,Putney
Endon village hall,Moorlands Climate Action,ST99DR,26/06/2026,Invite only,Staffordshire Moorlands
"Victoria Hall, Grange-over-Sands",Peninsula Environmental Action Together (PEAT),LA116DP,17/05/2026,Public,Westmorland and Lonsdale
Arloesi Dolgellau / NEB Screening,Arloesi Dolgellau,LL401AS,28/04/2026,Public,Dwyfor Meirionnydd
"Christ Church, Kings Cross Lane, South Nutfield",Christ Church,RH15NG,26/04/2026,Public,East Surrey
Orchard Hall,Screening for Citizens of Midsomer Norton and surrounding villages.,BA32RA,28/05/2026,Public,Frome and East Somerset
Whitfield street,BMJ Publishing Group,W1T4EZ,29/04/2026,Invite only,Holborn and St Pancras
"St Mary's Church, Wallingford OX10",Bioabundance Community Interest Company,OX100EG,07/06/2026,Invite only,Didcot and Wantage
Walthamstow Trades Hall,Climate Events,E174RQ,01/06/2026,Public,Walthamstow
The Blue Boar,Ludlow 21,SY81BB,05/05/2026,Invite only,South Shropshire
Chelmsford Cathedral,Chelmsford Cathedral,CM11TY,11/09/2026,Public,Chelmsford
"Huntly, Square Deal",Huntly Climate Acdtion,AB548BR,03/05/2026,Invite only,Gordon and Buchan
Adelphi Hotel,Merseyside Environmental Trust,L35UL,04/06/2026,Public,Liverpool Riverside
AbernyteChurch,Abernyte Community Interest Company,PH149SQ,22/04/2026,Public,Perth and Kinross-shire
University of Kent,Canterbury Climate Action Network and University of Kent,CT27NZ,28/04/2026,Public,Canterbury
Port Independent / Screening NEB Climate and Nature Crisis,Sunderland Lit & Phil Society,SR11QD,15/05/2026,Public,Sunderland Central
Reading Biscuit Factory,Reading Biscuit Factory,RG17QF,06/05/2026,Public,Reading Central
Screening for prospective York hosts,YorkCliConnect,YO16FA,10/04/2026,Invite only,York Central
"St James Church, North Street, Emsworth",Parish of Warblington-with-Emsworth,PO107DN,22/04/2026,Public,Havant
Imagine Leeds: the climate action hub,Climate Action Leeds,LS29HZ,11/04/2026,Invite only,Leeds Central and Headingley
Redhills Durham Miners Hall,Climate Action Durham,DH14BE,17/04/2026,Public,City of Durham
Mammoth - A Climate Action Cinema,Mammoth - A Climate Action Cinema,NG13AP,10/04/2026,Invite only,Nottingham East
Glasgow School of Art: People's Emergency Briefing,Glasgow School of Art,G36RQ,23/04/2026,Public,Glasgow North
Aylsham Town Hall,Aylsham Climate Emergency Group,NR116EL,04/07/2026,Public,Broadland and Fakenham
"Laurel and Hardy Museum, Ulverston,Cumbria",N/A,LA127AH,17/04/2026,Public,Barrow and Furness
The Courtenay Centre,The Green Newton Partnership,TQ122QA,09/04/2026,Invite only,Newton Abbot
Exeter Phoenix,Greenpeace Exeter and Exeter Phoenix,EX43LS,24/04/2026,Public,Exeter
Colchester Institute Lecture Theatre,Colchester Institute,CO33LL,28/04/2026,Invite only,Colchester
Weymouth Town Council Chamber,WTC / Weymouth Climate Hub,DT48NG,17/04/2026,Public,South Dorset
"Digby Hall, Hound Street, Sherborne. DT9 3AA",West Dorset Climate and Nature Support Group,DT93AA,16/04/2026,Public,West Dorset
"St Martin's Church, Epsom/Sunday Emergency Briefing","St Martin's Church, Epsom",KT174PX,12/04/2026,Invite only,Epsom and Ewell
"St Martin's Church, Epsom/People's Emergency Briefing","St Martin's Church, Epsom, and Sustainable Epsom and Ewell",KT174PX,11/04/2026,Public,Epsom and Ewell
Pembroke College Auditorium - Cambridge (first event),Cambridge and Cambridgeshire,CB21RF,18/04/2026,Public,Cambridge
Allendale Community Centre,Extinction Rebellion Wimborne,BH211AS,26/06/2026,Public,Mid Dorset and North Poole
Beaminster Public Hall,Beaminster Area Eco Group,DT83EF,24/04/2026,Public,West Dorset
Heswall Hall People’s Emergency Briefing,Cool Heswall and PEB Merseyside,CH600AF,06/05/2026,Public,Wirral West
St Mary Bredin Church,U3A,CT13JN,19/05/2026,Invite only,Canterbury
United Reform Church,Sustainable Caterham,CR36SX,05/06/2026,Public,East Surrey
Grindleton Pavilion,Ribble Valley Climate Action Network,BB74QS,10/04/2026,Public,Ribble Valley
Tyneside Cinema,XR Tyneside,NE16QG,19/05/2026,Public,Newcastle upon Tyne Central and West
St Pancras New Church,St Pancras Church/Camden Civic Society,NW12BA,18/04/2026,Public,Holborn and St Pancras
Saltash Studios,Saltash Studios,PL126JL,20/04/2026,Public,South East Cornwall
Preston Community Library,Brent Friends of the Earth,HA98PL,09/04/2026,Public,Brent West
Upwey Old School Village Hall,Good Neighbours of Upwey,DT35QE,08/05/2026,Public,South Dorset
Rothbury Community Hall,Sustainable Wymondham,NR180LD,23/04/2026,Public,South Norfolk
"The Great Imagining Earthday Gathering, Newham",The Great Imagining,E164ST,22/04/2026,Public,West Ham and Beckton
Hwb y Gors,Awel Aman Tawe,SA181RF,18/04/2026,Public,"Brecon, Radnor and Cwm Tawe"
St Catherine's Social Club,Community members from Withington Constituency,M206HS,16/05/2026,Public,Manchester Withington
St Clements Church,Community members from Withington constituency,M219AE,21/05/2026,Public,Manchester Withington
Withington Methodist Church,Community members from Withington constituency,M204AN,06/06/2026,Public,Manchester Withington
Hampstead Norreys Village Hall,NEB Pang Valley People's Emergency Briefing Film and Discussion,RG180TR,23/06/2026,Public,Reading West and Mid Berkshire
St Albans Cathedral,St Albans Green Action Network,AL11BY,19/04/2026,Public,St Albans
Queen's Hall Arts Centre - Future is Now Festival,Queen's Hall Arts Centre,NE463LS,09/05/2026,Public,Hexham
Ropetackle Arts Centre,Ropetackle Arts Centre,BN435EG,30/05/2026,Public,East Worthing and Shoreham
Ashburton Town Hall / The People’s Emergency Briefing,Ashburton Climate Emergency (ACE),TQ137QQ,17/05/2026,Public,Central Devon
Mercread Youth Centre,Seaford People's Emergency Briefing,BN251AB,17/04/2026,Public,Lewes
NCI Community Centre - Cambridge (second event),Cambridge and Cambridgeshire,CB43DL,06/06/2026,Public,Cambridge
Bremhill Village Hall,Bremzero,SN119LD,04/11/2026,Public,Chippenham
Letchworth Settlement,Radical Talks,SG64UB,30/04/2026,Public,North East Hertfordshire
Viables Community Centre,Greener Basingstoke,RG224BJ,19/04/2026,Public,Basingstoke
"The Studio, 24 Gibson Road, Bristol BS6 5SG",The Studio,BS65SG,09/04/2026,Invite only,Bristol Central
"Bank Wood Barn, Make it Wild, Summerbridge",Make it Wild,HG34JR,27/06/2026,Public,Skipton and Ripon
"Queen Victoria Hall, Oundle",Fermynwoods Contemporary Art & DOCS+,PE84EJ,22/07/2026,Public,Corby and East Northamptonshire
"The People's Emergency Briefing at the Birchmeadow Centre, Broseley",Broseley Climate Action Group,TF125LP,08/05/2026,Public,South Shropshire
Storyhouse,Storyhouse,CH12AR,08/04/2026,Public,Chester North and Neston
"The St James's Centre, Devizes",Devizes Town Council & Sustainable Devizes,SN101LR,30/04/2026,Public,Melksham and Devizes
"Majestic Cinema, King’s Lynn",Extinction Rebellion King’s Lynn and West Norfolk,PE301EJ,15/04/2026,Public,North West Norfolk
"Watercress Farm, Belmont Estate",Belmont Estate,BS481NE,27/04/2026,Public,North Somerset
The Hot Tin,RouteStock CIC,ME138BD,22/04/2026,Public,Faversham and Mid Kent
"Henry Warren Hall, Nyewood",ERA - Eco Rother Action,GU315HX,09/06/2026,Public,Arundel and South Downs
Totnes Civic Hall,Transition Town Totnes / The Bioregional Learning Centre,TQ95SF,15/05/2026,Public,South Devon
"Great Hall, Lancaster University",Lancaster Arts and Small World Consulting,LA14YN,14/04/2026,Public,Lancaster and Wyre
"The Old Library, University Church, Radcliffe Square, OX1 4BJ",Hope4Creation,OX14BJ,21/04/2026,Public,Oxford West and Abingdon
Marlow Church Hall Screening,Transition Town Marlow,SL73HJ,08/05/2026,Public,Beaconsfield
The Furzedown Project / Climate Emergency Briefing,Greener Jobs Alliance,SW166SJ,30/04/2026,Public,Tooting
Komedia Picturehouse,Brighton B Local,BN11UN,23/04/2026,Public,Brighton Pavilion
"Braunton Academy, Isaac Hall",Earth Action North Devon,EX332BT,22/04/2026,Public,North Devon
Hunton Park Hotel,HEART Community Group,WD48PN,10/04/2026,Invite only,South West Hertfordshire
On The Hill (formerly Zion Bristol),On The Hill (formerly Zion Bristol) & Green BS13,BS137JW,21/05/2026,Public,Bristol South
Lympstone Parish Church,Lympstone Church,EX85JU,12/05/2026,Public,Exmouth and Exeter East
Community Screening,N/A,G401BP,21/04/2026,Public,Glasgow East
Light Space Leeds,Leeds Green Party,LS64JB,23/04/2026,Public,Leeds Central and Headingley
"Scott Cinema, Exmouth / The People’s Emergency Briefing",Exmouth Town Council,EX81HP,14/05/2026,Public,Exmouth and Exeter East
"St James Parish Church, Emsworth",Parish of Warblington-with-Emsworth,PO107DN,22/04/2026,Public,Havant
Emsworth Community Centre,Emsworth Community Centre,PO107DP,14/04/2026,Public,Havant
Arnesby Village Hall,Elaine Carter and Sue Cooper,LE85WG,10/06/2026,Public,South Leicestershire
Mill at Sonning/ People’s Emergency Briefing,the Mill at Sonning Theatre Ltd,RG46TY,18/08/2026,Public,Henley and Thame
Arup Birmingham,Circular Economy Club,B33AY,21/04/2026,Public,Birmingham Ladywood
Phoenix Leicester,Now or Never,LE11TG,14/05/2026,Public,Leicester South
"New Road Baptist Church, Bonn Square, Oxford",Extinction Rebellion Oxford,OX11LQ,16/04/2026,Invite only,Oxford West and Abingdon
Hebden Bridge Town Hall,Calder Valley People's Emergency Briefing,HX77BY,16/04/2026,Public,Calder Valley
Friends Meeting House (Manchester Central),Greenpeace,M25NS,14/05/2026,Public,Manchester Central
"New Apostolic Church - Rusholme, Manchester",Schuster Rd & Park Range Residents Association,M145HP,27/04/2026,Public,Manchester Rusholme
"Flourish House, Wells",The Diocese of Bath and Wells,BA51FU,27/05/2026,Public,Wells and Mendip Hills
Killearn Village Hall,Wee Green Social (Killearn Sustainability Group),G639NL,30/04/2026,Public,Stirling and Strathallan
"St Marys Church, Alveley",Alveley and Romsley Parish Council and St Mary's Church,WV156ND,01/05/2026,Public,South Shropshire
St John's Catholic Church Bridgnorth,Sustainable Bridgnorth,WV164ER,09/07/2026,Public,South Shropshire
Teignmouth Science Cafe,Newton Abbot Constituency CAN Bill Group,TQ149BT,19/04/2026,Public,Newton Abbot
"Holy Trinity Church, Heworth, York",Holy Trinity Eco Group,YO310RP,28/04/2026,Public,York Central
Portsmouth Cathedral,Portsmouth Climate Collective,PO12HH,30/05/2026,Public,Portsmouth South
St Leonards Church Watlington,"Watlington Climate Action Group, Watlington Environment Group and Benson Area Nature Group",OX495LX,15/06/2026,Public,Henley and Thame
Wells Town Hall,Sustainable Wells,BA52RB,08/05/2026,Public,Wells and Mendip Hills
Friends And Neighbours Centre,FAN Community Alliance,SA111HQ,19/05/2026,Public,Neath and Swansea East
"St. Stephens Church Hall, Castle View Terrace, Skipton BD23 1NT",Climate Action Skipton,BD231NT,06/05/2026,Public,Skipton and Ripon
"Henderson Hub, Abbots Langley",HEART Community Group,WD50AR,18/06/2026,Invite only,South West Hertfordshire
Division of Clinical Psychology,Climate and Environment Action Group (Division of Clinical Psychology),CF103AT,11/05/2026,Invite only,Cardiff South and Penarth
Fakenham Community Centre,North Norfolk Green Party,NR219DY,25/04/2026,Public,Broadland and Fakenham
Birmingham Council House,Birmingham City Council,B11BB,28/04/2026,Invite only,Birmingham Ladywood
Lucie's Place,New forest aquaponics cic,SO451WE,07/04/2026,Public,New Forest East
Shaftesbury Town Hall,Planet Shaftesbury,SP78JE,27/04/2026,Public,North Dorset
Hambledon Village Hall,Hambledon Greening Campaign,PO74RW,17/04/2026,Public,Winchester
Creekside Discovery Centre,Creekside Education Trust Ltd,SE84SA,24/06/2026,Public,Lewisham North
MS Snowdrop Centre Lochgilphead,Climate Cafe Lochgilphead,PA318JU,30/04/2026,Public,"Argyll, Bute and South Lochaber"
Broomhall Centre,n/a,S102FD,23/04/2026,Public,Sheffield Central
"Allhallowgate Methodist Church, Ripon",Yorkshire North and East Methodist District,HG41LG,10/04/2026,Public,Skipton and Ripon
University of Chester School of Education,University of Chester,CH14BJ,29/04/2026,Public,Chester North and Neston
Canopy House,National Forest,DE126BA,07/04/2026,Invite only,North West Leicestershire
Lock 29 / How can we prepare for emergencies,Banbury CAG,OX165UN,25/04/2026,Public,Banbury
The Sheldon B&B,Eastbourne Eco Action Network & Eastbourne Climate Coalition,BN214AS,14/04/2026,Public,Eastbourne
Cavendish Hotel as part of the Eastbourne Film Festival,Eastbourne Eco Action Network & Eastbourne Climate Coalition,BN214DH,04/05/2026,Public,Eastbourne
Steeple Aston Village Hall,Steeple Aston Environmental Committee,OX254SF,27/05/2026,Public,Banbury
"At the Chapel, Bruton",One Planet Bruton,BA100AE,29/04/2026,Public,Glastonbury and Somerton
"Benson Hall, Buntingford",Peace Child International,SG99HT,17/04/2026,Public,North East Hertfordshire
Feering,Environmental Collaboration Essex,CO59SE,09/04/2026,Invite only,Witham
"Kirkgate Community Centre, Shipley",Global Justice Bradford,BD183EH,29/05/2026,Public,Shipley
Aberystwyth Arts Centre Cinema,Climate and Nature Bill,SY233DE,24/04/2026,Public,Ceredigion Preseli
"Festival Drayton Centre, Vernon Suite",Market Drayton Climate Action,TF93AX,17/04/2026,Public,North Shropshire
Henfield Village Hall,Sustainable Henfield,BN59EQ,10/05/2026,Invite only,Arundel and South Downs
Polmont Community Hub,polmont community hub,FK20PZ,12/04/2026,Public,Falkirk
Beach park Community hub Worthing BN112DB,Climate Resilience Centre Worthing (CREW),BN112DB,09/04/2026,Public,Worthing West
Malmesbury Town Hall,u3a,SN169BG,26/06/2026,Public,South Cotswolds
Knebworth Village Hall,N & E Herts NEB,SG36PD,11/04/2026,Public,Stevenage
Church of the Resurrection,Portsmouth Climate Collective,PO62AP,15/05/2026,Public,Portsmouth North
Wookey,Wookey residents,BA51JS,22/05/2026,Public,Wells and Mendip Hills
Sutherland Memorial Hall,Plans With Purpose,GU47LX,08/04/2026,Public,Guildford
Titchfield Village Hall,EcoTitchfield,PO144AQ,05/05/2026,Public,Hamble Valley
Christ Church Stannington,Christ Church Stannington,S66DB,20/04/2026,Public,Sheffield Hallam
Not yet finalised,Bicester and Woodstock Constituents,OX52TA,11/06/2026,Invite only,Bicester and Woodstock
The Chapel in the Garden - Bridport,West Dorset Commons,DT63JX,07/04/2026,Public,West Dorset
Muswell Hill Methodist Church,Haringey People’s Emergency Screening,N101PP,14/05/2026,Public,Hornsey and Friern Barnet
North East Scotland College,Aberdeen Climate Action,AB251BN,02/06/2026,Public,Aberdeen South
Depot Cinema - The People’s Emergency Briefing film & Panel Discussion,Depot,BN72JS,09/04/2026,Public,Lewes
Minster Rooms Ilminster,People's Briefing Group,TA190DU,14/05/2026,Public,Yeovil
"Benson Hall, Opposite Coop People's Emergency Briefing Film",Buntingford Cinema,SG99HT,17/04/2026,Public,North East Hertfordshire
Bembridge Village Hall,Bembridge Parish Council,PO355SD,18/04/2026,Public,Isle of Wight East
Eden Court Theatre,Eden Court Theatre,IV35SA,03/05/2026,Public,"Inverness, Skye and West Ross-shire"
Glastonbury Town Hall,Glastonbury Town Council,BA69EL,10/04/2026,Public,Glastonbury and Somerton
The Diamond - Lecture Theatre 3,The University of Sheffield (Grantham Centre for Sustainable Futures),S37RD,15/04/2026,Public,Sheffield Central
Sevenoaks Unitarian Meeting House,Sevenoaks Unitarians,TN132PX,02/05/2026,Public,Sevenoaks
"Friends Meeting House, Redland, Bristol",NEB Film - Redland Organisers,BS66JE,03/07/2026,Public,Bristol Central
The Garden Cinema,51toCarbonZero,WC2B5PQ,06/05/2026,Invite only,Holborn and St Pancras
Oasis Cardiff,Jonathan Perry,CF242BW,18/04/2026,Public,Cardiff South and Penarth
Norden Farm Maidenhead,Eco Action RBWM,SL64PF,18/04/2026,Public,Maidenhead
"The Church Room, St Thomas a Becket, Shirenewton, NP16 6RQ",NA,NP166RQ,08/04/2026,Public,Monmouthshire
Trull Village Memorial Hall,N/A,TA37JZ,11/04/2026,Public,Taunton and Wellington
Edgar Hall Somerton,Glastonbury and Somerton MPWatch,TA116SB,29/05/2026,Public,Glastonbury and Somerton
Duns Volunteer Hall,Greener Duns,TD113AF,22/04/2026,Public,"Berwickshire, Roxburgh and Selkirk"
"Whitecross Hereford, High School & Specialist Sports College",Whitecross Hereford & Brackley Holdings Ltd.,HR40RN,07/04/2026,Public,Hereford and South Herefordshire
Goring Village Hall,Goring & Streatley Sustainability Group,RG89AG,29/04/2026,Public,Henley and Thame
Transition Cafe Liverpool,Wirral Environmental Network,L13BT,14/04/2026,Public,Liverpool Riverside
Clwb y Bont,People Planet Pint - Pontypridd,CF374SL,07/04/2026,Public,Pontypridd
"Graylingwell Chapel - Peoples Emergency Briefing, Film Screening & Discussion",Chichester Community Development Trust,PO196BZ,13/05/2026,Public,Chichester
Cromer Community Centre,North Norfolk Green Party,NR279HL,15/04/2026,Public,North Norfolk
Redwing Gallery,Redwing Gallery,TR182QN,18/04/2026,Public,St Ives
St Johns Hall / People's Emergency Screening and Discussion,Bath XR,BA26PT,07/04/2026,Public,Bath
St Catherin's Church Ventnor,Members of Greenpeace,PO381SW,10/04/2026,Public,Isle of Wight East
"Ainon Church, Tongwynlais",Nature by the Taff,CF157LG,15/04/2026,Public,Cardiff North
St Stephen's Church Hall,N/A,CM186QR,08/04/2026,Public,Harlow
Montgomery Town Hall,Montgomery Environment Group,SY156PH,27/04/2026,Public,Montgomeryshire and Glyndwr
Maidstone Community Support Centre,Maidstone CAN,ME141HH,18/05/2026,Public,Maidstone and Malling
The Seiners Arms,Perranzabuloe Action on Climate Emergency,TR60JL,22/04/2026,Public,Camborne and Redruth
East Dean and Friston Village Hall / People's Emergency Briefing,"Climate Friends of East Dean and Friston, East Sussex",BN200DR,04/09/2026,Public,Lewes
Heene Community Centre - The People's Emergency Briefing film,Worthing Climate Action,BN115EN,11/05/2026,Public,Worthing West
Thurnham Church of England Infant School,Bearsted CAN,ME144BL,28/04/2026,Public,Faversham and Mid Kent
East Dean and Friston Village Hall / People's Emergency Briefing,"Climate Friends of East Dean and Friston, East Sussex",BN200DR,05/06/2026,Public,Lewes
Staff and board of directors (private event),Bristol Climate & Nature Partnership CIC,BS15AH,06/05/2026,Public,Bristol Central
"Mitigation, Adaptation, and Resilience for Businesses in the West of England","University of the West of England, Bristol",BS161QY,15/05/2026,Public,Filton and Bradley Stoke
Sands Films Cinema,Sands Films Cinema Club,SE164HZ,14/04/2026,Public,Bermondsey and Old Southwark
"Masonic Hall, Wedmore",Green Wedmore,BS284AB,13/05/2026,Public,Wells and Mendip Hills
Shrewsbury People's Emergency Briefing,Shrewsbury Climate and Nature Action,SY26AH,25/04/2026,Public,Shrewsbury
